step,w_exact,w_char,w_pattern,w_affix,w_length,difficulty_multiplier,contrib_exact,contrib_char,contrib_pattern,contrib_affix,exact_match_raw,char_overlap_raw,pattern_raw,affix_raw,length_penalty_raw,exact_match_norm,char_overlap_norm,pattern_norm,affix_norm,length_penalty_norm,composite_pre,composite_with_length,composite_with_difficulty,composite_predicted,reward_scalar,composite_diff,parse_success
0,0.39999999999999997,0.19999999999999998,0.14999999999999997,0.09999999999999999,0.14999999999999997,1.2041666666666666,0.0,0.028481732038493506,0.012499999999999999,0.09583333333333333,0.0,0.14240866019246753,0.08333333333333333,0.9583333333333334,1.0,0.0,0.14240866019246753,0.08333333333333333,0.9583333333333334,1.0,0.13681506537182686,0.13681506537182686,0.1664216335104809,0.1664216335104809,0.1664216335104809,0.0,0.0
1,0.39999999999999997,0.19999999999999998,0.14999999999999997,0.09999999999999999,0.14999999999999997,1.2395833333333333,0.0,0.029531452183056004,0.009375,0.09999999999999999,0.0,0.14765726091528,0.0625,1.0,1.0,0.0,0.14765726091528,0.0625,1.0,1.0,0.138906452183056,0.138906452183056,0.17234274189231633,0.17234274189231633,0.17234274189231633,0.0,0.0
2,0.39999999999999997,0.19999999999999998,0.14999999999999997,0.09999999999999999,0.14999999999999997,1.1937499999999999,0.0,0.029053205771882282,0.009375,0.09865451388888886,0.0,0.14526602885941142,0.0625,0.9865451388888888,1.0,0.0,0.14526602885941142,0.0625,0.9865451388888888,1.0,0.13708271966077118,0.13708271966077118,0.16555769152984676,0.16555769152984676,0.16555769152984676,0.0,0.0
3,0.39999999999999997,0.19999999999999998,0.14999999999999997,0.09999999999999999,0.14999999999999997,1.2770833333333333,0.0,0.03326440860378359,0.0031249999999999997,0.09791666666666665,0.0,0.16632204301891793,0.020833333333333332,0.9791666666666666,1.0,0.0,0.16632204301891793,0.020833333333333332,0.9791666666666666,1.0,0.13430607527045027,0.13430607527045027,0.17152101652950238,0.17152101652950238,0.17152101652950238,0.0,0.0
4,0.39999999999999997,0.19999999999999998,0.14999999999999997,0.09999999999999999,0.14999999999999997,1.2729166666666665,0.0,0.025426046994855196,0.0,0.09639756944444444,0.0,0.12713023497427597,0.0,0.9639756944444445,1.0,0.0,0.12713023497427597,0.0,0.9639756944444445,1.0,0.12182361643929966,0.12182361643929966,0.15588730844652585,0.15588730844652585,0.15588730844652585,0.0,0.0
5,0.39999999999999997,0.19999999999999998,0.14999999999999997,0.09999999999999999,0.14999999999999997,1.2729166666666665,0.0,0.037054629199417634,0.007421874999999999,0.09999999999999999,0.0,0.18527314599708813,0.049479166666666664,1.0,1.0,0.0,0.18527314599708813,0.049479166666666664,1.0,1.0,0.14447650419941763,0.14447650419941763,0.18303157544517704,0.18303157544517704,0.18303157544517704,0.0,0.0
6,0.39999999999999997,0.19999999999999998,0.14999999999999997,0.09999999999999999,0.14999999999999997,1.2625,0.0,0.026738473314796812,0.006640625,0.09791666666666665,0.0,0.13369236657398406,0.044270833333333336,0.9791666666666666,1.0,0.0,0.13369236657398406,0.044270833333333336,0.9791666666666666,1.0,0.13129576498146348,0.13129576498146348,0.16656211322435174,0.16656211322435174,0.16656211322435174,0.0,0.0
7,0.39999999999999997,0.19999999999999998,0.14999999999999997,0.09999999999999999,0.14999999999999997,1.2874999999999999,0.0,0.02698855334668739,0.0042968749999999995,0.09791666666666665,0.0,0.13494276673343694,0.028645833333333332,0.9791666666666666,1.0,0.0,0.13494276673343694,0.028645833333333332,0.9791666666666666,1.0,0.12920209501335406,0.12920209501335406,0.1663400442572777,0.1663400442572777,0.1663400442572777,0.0,0.0
8,0.39999999999999997,0.19999999999999998,0.14999999999999997,0.09999999999999999,0.14999999999999997,1.2499999999999998,0.0,0.028015896044193505,0.009375,0.0966579861111111,0.0,0.1400794802209675,0.0625,0.966579861111111,1.0,0.0,0.1400794802209675,0.0625,0.966579861111111,1.0,0.1340488821553046,0.1340488821553046,0.1677393854480338,0.1677393854480338,0.1677393854480338,0.0,0.0
9,0.39999999999999997,0.19999999999999998,0.14999999999999997,0.09999999999999999,0.14999999999999997,1.258333333333333,0.0,0.03574459595579169,0.0111328125,0.09726562499999998,0.0,0.17872297977895846,0.07421875,0.97265625,1.0,0.0,0.17872297977895846,0.07421875,0.97265625,1.0,0.14414303345579169,0.14414303345579169,0.1805602531019981,0.1805602531019981,0.1805602531019981,0.0,0.0
10,0.39999999999999997,0.19999999999999998,0.14999999999999997,0.09999999999999999,0.14999999999999997,1.2166666666666666,0.0,0.03215507169319685,0.010937500000000001,0.09375,0.0,0.16077535846598426,0.07291666666666667,0.9375,1.0,0.0,0.16077535846598426,0.07291666666666667,0.9375,1.0,0.13684257169319686,0.13684257169319686,0.16819999926207033,0.16819999926207033,0.16819999926207033,0.0,0.0
11,0.39999999999999997,0.19999999999999998,0.14999999999999997,0.09999999999999999,0.14999999999999997,1.2520833333333332,0.0,0.03837517720463723,0.012499999999999999,0.09999999999999999,0.0,0.19187588602318614,0.08333333333333333,1.0,1.0,0.0,0.19187588602318614,0.08333333333333333,1.0,1.0,0.15087517720463725,0.15087517720463725,0.18973411069614024,0.18973411069614024,0.18973411069614024,0.0,0.0
12,0.39999999999999997,0.19999999999999998,0.14999999999999997,0.09999999999999999,0.14999999999999997,1.2999999999999998,0.0,0.042003115290764476,0.0009765625,0.09722222222222221,0.0,0.21001557645382238,0.006510416666666667,0.9722222222222222,1.0,0.0,0.21001557645382238,0.006510416666666667,0.9722222222222222,1.0,0.1402019000129867,0.1402019000129867,0.1816240830260176,0.1816240830260176,0.1816240830260176,0.0,0.0
13,0.39999999999999997,0.19999999999999998,0.14999999999999997,0.09999999999999999,0.14999999999999997,1.2333333333333332,0.0,0.036014467969808124,0.015429687499999999,0.09791666666666665,0.0,0.1800723398490406,0.10286458333333333,0.9791666666666666,1.0,0.0,0.1800723398490406,0.10286458333333333,0.9791666666666666,1.0,0.1493608221364748,0.1493608221364748,0.1838932788773768,0.1838932788773768,0.1838932788773768,0.0,0.0
14,0.39999999999999997,0.19999999999999998,0.14999999999999997,0.09999999999999999,0.14999999999999997,1.2687499999999998,0.0,0.04020540366896637,0.010156249999999999,0.09720052083333332,0.0,0.20102701834483186,0.06770833333333333,0.9720052083333334,1.0,0.0,0.20102701834483186,0.06770833333333333,0.9720052083333334,1.0,0.14756217450229972,0.14756217450229972,0.18806130930025258,0.18806130930025258,0.18806130930025258,0.0,0.0
15,0.39999999999999997,0.19999999999999998,0.14999999999999997,0.09999999999999999,0.14999999999999997,1.2729166666666665,0.0,0.035393904644090646,0.01328125,0.09999999999999999,0.0,0.1769695232204532,0.08854166666666667,1.0,1.0,0.0,0.1769695232204532,0.08854166666666667,1.0,1.0,0.14867515464409067,0.14867515464409067,0.18891009492318123,0.18891009492318123,0.18891009492318123,0.0,0.0
16,0.39999999999999997,0.19999999999999998,0.14999999999999997,0.09999999999999999,0.14999999999999997,1.2729166666666665,0.0,0.032056562071517684,0.006250000000000001,0.09700520833333333,0.0,0.16028281035758843,0.041666666666666664,0.9700520833333334,1.0,0.0,0.16028281035758843,0.041666666666666664,0.9700520833333334,1.0,0.135311770404851,0.135311770404851,0.17123160986750516,0.17123160986750516,0.17123160986750516,0.0,0.0
17,0.39999999999999997,0.19999999999999998,0.14999999999999997,0.09999999999999999,0.14999999999999997,1.2979166666666666,0.0,0.03741254738874764,0.009375,0.0986111111111111,0.0,0.18706273694373823,0.0625,0.9861111111111112,1.0,0.0,0.18706273694373823,0.0625,0.9861111111111112,1.0,0.14539865849985875,0.14539865849985875,0.18790667809603634,0.18790667809603634,0.18790667809603634,0.0,0.0
18,0.39999999999999997,0.19999999999999998,0.14999999999999997,0.09999999999999999,0.14999999999999997,1.2666666666666664,0.0,0.041624198337265696,0.0078125,0.09965277777777777,0.0,0.20812099168632847,0.052083333333333336,0.9965277777777778,1.0,0.0,0.20812099168632847,0.052083333333333336,0.9965277777777778,1.0,0.1490894761150435,0.1490894761150435,0.18875791796017646,0.18875791796017646,0.18875791796017646,0.0,0.0
19,0.39999999999999997,0.19999999999999998,0.14999999999999997,0.09999999999999999,0.14999999999999997,1.2645833333333332,0.0,0.04223725682333109,0.0060546875,0.09999999999999999,0.0,0.21118628411665544,0.040364583333333336,1.0,1.0,0.0,0.21118628411665544,0.040364583333333336,1.0,1.0,0.1482919443233311,0.1482919443233311,0.1887521453192996,0.1887521453192996,0.1887521453192996,0.0,0.0
20,0.39999999999999997,0.19999999999999998,0.14999999999999997,0.09999999999999999,0.14999999999999997,1.289583333333333,0.0,0.031032589424469844,0.0031249999999999997,0.09999999999999999,0.0,0.1551629471223492,0.020833333333333332,1.0,1.0,0.0,0.1551629471223492,0.020833333333333332,1.0,1.0,0.13415758942446984,0.13415758942446984,0.17221179820177093,0.17221179820177093,0.17221179820177093,0.0,0.0
21,0.39999999999999997,0.19999999999999998,0.14999999999999997,0.09999999999999999,0.14999999999999997,1.2374999999999998,0.0,0.031217842115136212,0.015625,0.09628906249999998,0.0,0.15608921057568106,0.10416666666666667,0.962890625,1.0,0.0,0.15608921057568106,0.10416666666666667,0.962890625,1.0,0.14313190461513622,0.14313190461513622,0.1775077506267252,0.1775077506267252,0.1775077506267252,0.0,0.0
22,0.39999999999999997,0.19999999999999998,0.14999999999999997,0.09999999999999999,0.14999999999999997,1.258333333333333,0.0,0.032186232867693045,0.0062499999999999995,0.09791666666666665,0.0,0.1609311643384652,0.041666666666666664,0.9791666666666666,1.0,0.0,0.1609311643384652,0.041666666666666664,0.9791666666666666,1.0,0.13635289953435972,0.13635289953435972,0.17230140672301256,0.17230140672301256,0.17230140672301256,0.0,0.0
23,0.39999999999999997,0.19999999999999998,0.14999999999999997,0.09999999999999999,0.14999999999999997,1.2234042553191489,0.0,0.02989157295316103,0.014361702127659576,0.0978723404255319,0.0,0.14945786476580517,0.09574468085106383,0.9787234042553191,1.0,0.0,0.14945786476580517,0.09574468085106383,0.9787234042553191,1.0,0.14212561550635253,0.14212561550635253,0.17543033013211917,0.17543033013211917,0.17543033013211917,0.0,0.0
24,0.39999999999999997,0.19999999999999998,0.14999999999999997,0.09999999999999999,0.14999999999999997,1.2687499999999998,0.0,0.030224921411303035,0.00390625,0.09895833333333333,0.0,0.15112460705651512,0.026041666666666668,0.9895833333333334,1.0,0.0,0.15112460705651512,0.026041666666666668,0.9895833333333334,1.0,0.13308950474463638,0.13308950474463638,0.16926690358307597,0.16926690358307597,0.16926690358307597,0.0,0.0
25,0.39999999999999997,0.19999999999999998,0.14999999999999997,0.09999999999999999,0.14999999999999997,1.2854166666666667,0.0,0.03320322408863336,0.0,0.099609375,0.0,0.1660161204431668,0.0,0.99609375,1.0,0.0,0.1660161204431668,0.0,0.99609375,1.0,0.13281259908863338,0.13281259908863338,0.1703394131456788,0.1703394131456788,0.1703394131456788,0.0,0.0
26,0.39999999999999997,0.19999999999999998,0.14999999999999997,0.09999999999999999,0.14999999999999997,1.2479166666666666,0.0,0.03433123990781947,0.012499999999999999,0.09895833333333333,0.0,0.17165619953909736,0.08333333333333333,0.9895833333333334,1.0,0.0,0.17165619953909736,0.08333333333333333,0.9895833333333334,1.0,0.1457895732411528,0.1457895732411528,0.1824571652794106,0.1824571652794106,0.1824571652794106,0.0,0.0
27,0.39999999999999997,0.19999999999999998,0.14999999999999997,0.09999999999999999,0.14999999999999997,1.2791666666666666,0.0,0.036955809892741984,0.0056640625,0.09680989583333333,0.0,0.1847790494637099,0.037760416666666664,0.9680989583333334,1.0,0.0,0.1847790494637099,0.037760416666666664,0.9680989583333334,1.0,0.13942976822607533,0.13942976822607533,0.17923938004084972,0.17923938004084972,0.17923938004084972,0.0,0.0
28,0.39999999999999997,0.19999999999999998,0.14999999999999997,0.09999999999999999,0.14999999999999997,1.2479166666666666,0.0,0.03889130920366345,0.0078125,0.09999999999999999,0.0,0.19445654601831727,0.052083333333333336,1.0,1.0,0.0,0.19445654601831727,0.052083333333333336,1.0,1.0,0.14670380920366347,0.14670380920366347,0.18309559358127658,0.18309559358127658,0.18309559358127658,0.0,0.0
29,0.39999999999999997,0.19999999999999998,0.14999999999999997,0.09999999999999999,0.14999999999999997,1.2395833333333333,0.0,0.0321539394613813,0.0031249999999999997,0.09652777777777777,0.0,0.16076969730690652,0.020833333333333332,0.9652777777777777,1.0,0.0,0.16076969730690652,0.020833333333333332,0.9652777777777777,1.0,0.13180671723915907,0.13180671723915907,0.16448592064988754,0.16448592064988754,0.16448592064988754,0.0,0.0
30,0.39999999999999997,0.19999999999999998,0.14999999999999997,0.09999999999999999,0.14999999999999997,1.2458333333333331,0.0,0.03494028804815879,0.0,0.09999999999999999,0.0,0.17470144024079393,0.0,1.0,1.0,0.0,0.17470144024079393,0.0,1.0,1.0,0.1349402880481588,0.1349402880481588,0.1692444007405003,0.1692444007405003,0.1692444007405003,0.0,0.0
31,0.39999999999999997,0.19999999999999998,0.14999999999999997,0.09999999999999999,0.14999999999999997,1.29375,0.0,0.03796633169502486,0.0031249999999999997,0.09999999999999999,0.0,0.18983165847512432,0.020833333333333332,1.0,1.0,0.0,0.18983165847512432,0.020833333333333332,1.0,1.0,0.14109133169502486,0.14109133169502486,0.18359176761897736,0.18359176761897736,0.18359176761897736,0.0,0.0
32,0.39999999999999997,0.19999999999999998,0.14999999999999997,0.09999999999999999,0.14999999999999997,1.2666666666666666,0.0,0.03882446816839583,0.0158203125,0.09999999999999999,0.0,0.19412234084197913,0.10546875,1.0,1.0,0.0,0.19412234084197913,0.10546875,1.0,1.0,0.15464478066839582,0.15464478066839582,0.19476330494585947,0.19476330494585947,0.19476330494585947,0.0,0.0
33,0.39999999999999997,0.19999999999999998,0.14999999999999997,0.09999999999999999,0.14999999999999997,1.25,0.0,0.033970505232715796,0.0052734374999999995,0.09583333333333333,0.0,0.16985252616357896,0.03515625,0.9583333333333334,1.0,0.0,0.16985252616357896,0.03515625,0.9583333333333334,1.0,0.13507727606604913,0.13507727606604913,0.16790080717143221,0.16790080717143221,0.16790080717143221,0.0,0.0
34,0.39999999999999997,0.19999999999999998,0.14999999999999997,0.09999999999999999,0.14999999999999997,1.2020833333333332,0.0,0.035132274241476795,0.012499999999999999,0.09227430555555556,0.0,0.17566137120738398,0.08333333333333333,0.9227430555555557,1.0,0.0,0.17566137120738398,0.08333333333333333,0.9227430555555557,1.0,0.13990657979703236,0.13990657979703236,0.16849434635055346,0.16849434635055346,0.16849434635055346,0.0,0.0
35,0.39999999999999997,0.19999999999999998,0.14999999999999997,0.09999999999999999,0.14999999999999997,1.23125,0.0,0.03564645071775511,0.0111328125,0.09895833333333333,0.0,0.17823225358877556,0.07421875,0.9895833333333334,1.0,0.0,0.17823225358877556,0.07421875,0.9895833333333334,1.0,0.14573759655108845,0.14573759655108845,0.18026443706242604,0.18026443706242604,0.18026443706242604,0.0,0.0
36,0.39999999999999997,0.19999999999999998,0.14999999999999997,0.09999999999999999,0.14999999999999997,1.2187499999999998,0.0,0.03503594912609458,0.009375,0.09999999999999999,0.0,0.1751797456304729,0.0625,1.0,1.0,0.0,0.1751797456304729,0.0625,1.0,1.0,0.1444109491260946,0.1444109491260946,0.176978767268839,0.176978767268839,0.176978767268839,0.0,0.0
37,0.39999999999999997,0.19999999999999998,0.14999999999999997,0.09999999999999999,0.14999999999999997,1.2374999999999998,0.0,0.03519543612896269,0.0062499999999999995,0.09999999999999999,0.0,0.17597718064481346,0.041666666666666664,1.0,1.0,0.0,0.17597718064481346,0.041666666666666664,1.0,1.0,0.14144543612896268,0.14144543612896268,0.17569613385128438,0.17569613385128438,0.17569613385128438,0.0,0.0
38,0.39999999999999997,0.19999999999999998,0.14999999999999997,0.09999999999999999,0.14999999999999997,1.258333333333333,0.0,0.03279580097452954,0.0062499999999999995,0.09791666666666665,0.0,0.16397900487264772,0.041666666666666664,0.9791666666666666,1.0,0.0,0.16397900487264772,0.041666666666666664,0.9791666666666666,1.0,0.1369624676411962,0.1369624676411962,0.17221461541613467,0.17221461541613467,0.17221461541613467,0.0,0.0
39,0.39999999999999997,0.19999999999999998,0.14999999999999997,0.09999999999999999,0.14999999999999997,1.2291666666666665,0.0,0.03472129560228006,0.012499999999999999,0.09869791666666665,0.0,0.17360647801140028,0.08333333333333333,0.9869791666666666,1.0,0.0,0.17360647801140028,0.08333333333333333,0.9869791666666666,1.0,0.14591921226894675,0.14591921226894675,0.17935892812705534,0.17935892812705534,0.17935892812705534,0.0,0.0
40,0.39999999999999997,0.19999999999999998,0.14999999999999997,0.09999999999999999,0.14999999999999997,1.2770833333333333,0.0,0.04792443350801359,0.0062499999999999995,0.09583333333333333,0.0,0.23962216754006793,0.041666666666666664,0.9583333333333334,1.0,0.0,0.23962216754006793,0.041666666666666664,0.9583333333333334,1.0,0.15000776684134692,0.15000776684134692,0.19117711296342774,0.19117711296342774,0.19117711296342774,0.0,0.0
41,0.39999999999999997,0.19999999999999998,0.14999999999999997,0.09999999999999999,0.14999999999999997,1.2479166666666666,0.0,0.03211953724653891,0.0044921875000000005,0.09999999999999999,0.0,0.16059768623269458,0.029947916666666668,1.0,1.0,0.0,0.16059768623269458,0.029947916666666668,1.0,1.0,0.13661172474653893,0.13661172474653893,0.1705359855486254,0.1705359855486254,0.1705359855486254,0.0,0.0
42,0.39999999999999997,0.19999999999999998,0.14999999999999997,0.09999999999999999,0.14999999999999997,1.2229166666666667,0.0,0.02510958019652489,0.0076171875,0.09694010416666665,0.0,0.12554790098262444,0.05078125,0.9694010416666666,1.0,0.0,0.12554790098262444,0.05078125,0.9694010416666666,1.0,0.12966687186319156,0.12966687186319156,0.15949597731325524,0.15949597731325524,0.15949597731325524,0.0,0.0
43,0.39999999999999997,0.19999999999999998,0.14999999999999997,0.09999999999999999,0.14999999999999997,1.289583333333333,0.0,0.037990740732107245,0.009375,0.09804687499999999,0.0,0.18995370366053618,0.0625,0.98046875,1.0,0.0,0.18995370366053618,0.0625,0.98046875,1.0,0.14541261573210726,0.14541261573210726,0.18833661806898414,0.18833661806898414,0.18833661806898414,0.0,0.0
44,0.39999999999999997,0.19999999999999998,0.14999999999999997,0.09999999999999999,0.14999999999999997,1.2604166666666665,0.0,0.033821609778390334,0.0062499999999999995,0.0986111111111111,0.0,0.16910804889195163,0.041666666666666664,0.986111111111111,1.0,0.0,0.16910804889195163,0.041666666666666664,0.986111111111111,1.0,0.13868272088950145,0.13868272088950145,0.1745299894079967,0.1745299894079967,0.1745299894079967,0.0,0.0
45,0.39999999999999997,0.19999999999999998,0.14999999999999997,0.09999999999999999,0.14999999999999997,1.2750000000000001,0.0,0.03547034975631092,0.0031249999999999997,0.09999999999999999,0.0,0.17735174878155466,0.020833333333333332,1.0,1.0,0.0,0.17735174878155466,0.020833333333333332,1.0,1.0,0.13859534975631094,0.13859534975631094,0.17482980124032155,0.17482980124032155,0.17482980124032155,0.0,0.0
46,0.39999999999999997,0.19999999999999998,0.14999999999999997,0.09999999999999999,0.14999999999999997,1.2249999999999999,0.0,0.042584676157603585,0.0,0.09407552083333333,0.0,0.21292338078801795,0.0,0.9407552083333334,1.0,0.0,0.21292338078801795,0.0,0.9407552083333334,1.0,0.13666019699093693,0.13666019699093693,0.16910983726004172,0.16910983726004172,0.16910983726004172,0.0,0.0
47,0.39999999999999997,0.19999999999999998,0.14999999999999997,0.09999999999999999,0.14999999999999997,1.2333333333333332,0.0,0.030348831311421087,0.0031249999999999997,0.09583333333333333,0.0,0.15174415655710546,0.020833333333333332,0.9583333333333334,1.0,0.0,0.15174415655710546,0.020833333333333332,0.9583333333333334,1.0,0.12930716464475442,0.12930716464475442,0.16014873849010683,0.16014873849010683,0.16014873849010683,0.0,0.0
48,0.39999999999999997,0.19999999999999998,0.14999999999999997,0.09999999999999999,0.14999999999999997,1.2916666666666665,0.0,0.032926796816912025,0.0062499999999999995,0.09791666666666665,0.0,0.16463398408456012,0.041666666666666664,0.9791666666666666,1.0,0.0,0.16463398408456012,0.041666666666666664,0.9791666666666666,1.0,0.13709346348357868,0.13709346348357868,0.17640225014697986,0.17640225014697986,0.17640225014697986,0.0,0.0
49,0.39999999999999997,0.19999999999999998,0.14999999999999997,0.09999999999999999,0.14999999999999997,1.2416666666666665,0.0,0.041028699553920904,0.0,0.09791666666666665,0.0,0.2051434977696045,0.0,0.9791666666666666,1.0,0.0,0.2051434977696045,0.0,0.9791666666666666,1.0,0.1389453662205876,0.1389453662205876,0.1735549026976476,0.1735549026976476,0.1735549026976476,0.0,0.0
50,0.39999999999999997,0.19999999999999998,0.14999999999999997,0.09999999999999999,0.14999999999999997,1.2354166666666666,0.0,0.031213702558316497,0.0107421875,0.09687499999999999,0.0,0.15606851279158246,0.07161458333333333,0.96875,1.0,0.0,0.15606851279158246,0.07161458333333333,0.96875,1.0,0.1388308900583165,0.1388308900583165,0.17204527277494308,0.17204527277494308,0.17204527277494308,0.0,0.0
51,0.39999999999999997,0.19999999999999998,0.14999999999999997,0.09999999999999999,0.14999999999999997,1.2659574468085106,0.0,0.027053787704165472,0.00738031914893617,0.09581117021276596,0.0,0.13526893852082736,0.04920212765957447,0.9581117021276596,1.0,0.0,0.13526893852082736,0.04920212765957447,0.9581117021276596,1.0,0.1302452770658676,0.1302452770658676,0.16441462499972567,0.16441462499972567,0.16441462499972567,0.0,0.0
52,0.39999999999999997,0.19999999999999998,0.14999999999999997,0.09999999999999999,0.14999999999999997,1.2145833333333333,0.0,0.02723620615451418,0.008593749999999999,0.09097222222222222,0.0,0.1361810307725709,0.057291666666666664,0.9097222222222223,1.0,0.0,0.1361810307725709,0.057291666666666664,0.9097222222222223,1.0,0.12680217837673638,0.12680217837673638,0.15678469052891428,0.15678469052891428,0.15678469052891428,0.0,0.0
53,0.39999999999999997,0.19999999999999998,0.14999999999999997,0.09999999999999999,0.14999999999999997,1.2708333333333333,0.0,0.027070082898649903,0.0031249999999999997,0.09791666666666665,0.0,0.1353504144932495,0.020833333333333332,0.9791666666666666,1.0,0.0,0.1353504144932495,0.020833333333333332,0.9791666666666666,1.0,0.12811174956531657,0.12811174956531657,0.1630335913818268,0.1630335913818268,0.1630335913818268,0.0,0.0
54,0.39999999999999997,0.19999999999999998,0.14999999999999997,0.09999999999999999,0.14999999999999997,1.258333333333333,0.0,0.04016427232111073,0.012499999999999999,0.09999999999999999,0.0,0.20082136160555364,0.08333333333333333,1.0,1.0,0.0,0.20082136160555364,0.08333333333333333,1.0,1.0,0.15266427232111074,0.15266427232111074,0.19195356397994476,0.19195356397994476,0.19195356397994476,0.0,0.0
55,0.39999999999999997,0.19999999999999998,0.14999999999999997,0.09999999999999999,0.14999999999999997,1.2553191489361701,0.0,0.04342411459566599,0.007579787234042552,0.09820478723404255,0.0,0.21712057297832993,0.05053191489361702,0.9820478723404256,1.0,0.0,0.21712057297832993,0.05053191489361702,0.9820478723404256,1.0,0.14920868906375112,0.14920868906375112,0.1869300119482005,0.1869300119482005,0.1869300119482005,0.0,0.0
56,0.39999999999999997,0.19999999999999998,0.14999999999999997,0.09999999999999999,0.14999999999999997,1.2833333333333332,0.0,0.03867459257616814,0.018164062499999998,0.09878472222222223,0.0,0.19337296288084072,0.12109375,0.9878472222222222,1.0,0.0,0.19337296288084072,0.12109375,0.9878472222222222,1.0,0.15562337729839038,0.15562337729839038,0.2000828486954611,0.2000828486954611,0.2000828486954611,0.0,0.0
57,0.39999999999999997,0.19999999999999998,0.14999999999999997,0.09999999999999999,0.14999999999999997,1.2124999999999997,0.0,0.03535776216103433,0.009375,0.09999999999999999,0.0,0.17678881080517164,0.0625,1.0,1.0,0.0,0.17678881080517164,0.0625,1.0,1.0,0.14473276216103434,0.14473276216103434,0.17624035591247023,0.17624035591247023,0.17624035591247023,0.0,0.0
58,0.39999999999999997,0.19999999999999998,0.14999999999999997,0.09999999999999999,0.14999999999999997,1.2479166666666666,0.0,0.0359445621436976,0.012499999999999999,0.0986111111111111,0.0,0.17972281071848803,0.08333333333333333,0.986111111111111,1.0,0.0,0.17972281071848803,0.08333333333333333,0.986111111111111,1.0,0.14705567325480873,0.14705567325480873,0.18226423090495025,0.18226423090495025,0.18226423090495025,0.0,0.0
59,0.39999999999999997,0.19999999999999998,0.14999999999999997,0.09999999999999999,0.14999999999999997,1.2625,0.0,0.03930349463557475,0.0031249999999999997,0.09505208333333333,0.0,0.19651747317787374,0.020833333333333332,0.9505208333333334,1.0,0.0,0.19651747317787374,0.020833333333333332,0.9505208333333334,1.0,0.13748057796890809,0.13748057796890809,0.1753633552111721,0.1753633552111721,0.1753633552111721,0.0,0.0
60,0.39999999999999997,0.19999999999999998,0.14999999999999997,0.09999999999999999,0.14999999999999997,1.2708333333333333,0.0,0.0390457309371063,0.015234375,0.09791666666666665,0.0,0.19522865468553152,0.1015625,0.9791666666666666,1.0,0.0,0.19522865468553152,0.1015625,0.9791666666666666,1.0,0.15219677260377298,0.15219677260377298,0.19392516727809805,0.19392516727809805,0.19392516727809805,0.0,0.0
61,0.39999999999999997,0.19999999999999998,0.14999999999999997,0.09999999999999999,0.14999999999999997,1.2729166666666665,0.0,0.046580304888338635,0.014843749999999998,0.09999999999999999,0.0,0.23290152444169313,0.09895833333333333,1.0,1.0,0.0,0.23290152444169313,0.09895833333333333,1.0,1.0,0.16142405488833864,0.16142405488833864,0.20573744959355553,0.20573744959355553,0.20573744959355553,0.0,0.0
62,0.39999999999999997,0.19999999999999998,0.14999999999999997,0.09999999999999999,0.14999999999999997,1.3083333333333333,0.0,0.03541794933622278,0.0078125,0.09887152777777779,0.0,0.17708974668111388,0.052083333333333336,0.9887152777777778,1.0,0.0,0.17708974668111388,0.052083333333333336,0.9887152777777778,1.0,0.14210197711400055,0.14210197711400055,0.18764760436175876,0.18764760436175876,0.18764760436175876,0.0,0.0
63,0.39999999999999997,0.19999999999999998,0.14999999999999997,0.09999999999999999,0.14999999999999997,1.2562499999999999,0.0,0.039797230132972046,0.009375,0.09687499999999999,0.0,0.19898615066486025,0.0625,0.96875,1.0,0.0,0.19898615066486025,0.0625,0.96875,1.0,0.14604723013297208,0.14604723013297208,0.18353776516318845,0.18353776516318845,0.18353776516318845,0.0,0.0
64,0.39999999999999997,0.19999999999999998,0.14999999999999997,0.09999999999999999,0.14999999999999997,1.2729166666666665,0.0,0.03261885636274863,0.009375,0.09557291666666667,0.0,0.16309428181374316,0.0625,0.9557291666666666,1.0,0.0,0.16309428181374316,0.0625,0.9557291666666666,1.0,0.1375667730294153,0.1375667730294153,0.17424763163244386,0.17424763163244386,0.17424763163244386,0.0,0.0
65,0.39999999999999997,0.19999999999999998,0.14999999999999997,0.09999999999999999,0.14999999999999997,1.2416666666666665,0.0,0.04217609739969044,0.012499999999999999,0.09993489583333333,0.0,0.21088048699845227,0.08333333333333333,0.9993489583333334,1.0,0.0,0.21088048699845227,0.08333333333333333,0.9993489583333334,1.0,0.1546109932330238,0.1546109932330238,0.19207379094650015,0.19207379094650015,0.19207379094650015,0.0,0.0
66,0.39999999999999997,0.19999999999999998,0.14999999999999997,0.09999999999999999,0.14999999999999997,1.3085106382978724,0.0,0.043256553926102496,0.015957446808510637,0.0988031914893617,0.0,0.2162827696305125,0.10638297872340426,0.988031914893617,1.0,0.0,0.2162827696305125,0.10638297872340426,0.988031914893617,1.0,0.15801719222397487,0.15801719222397487,0.205736647858915,0.205736647858915,0.205736647858915,0.0,0.0
67,0.39999999999999997,0.19999999999999998,0.14999999999999997,0.09999999999999999,0.14999999999999997,1.2833333333333332,0.0,0.03259345933878867,0.0087890625,0.09895833333333333,0.0,0.1629672966939433,0.05859375,0.9895833333333334,1.0,0.0,0.1629672966939433,0.05859375,0.9895833333333334,1.0,0.140340855172122,0.140340855172122,0.17871279139798343,0.17871279139798343,0.17871279139798343,0.0,0.0
68,0.39999999999999997,0.19999999999999998,0.14999999999999997,0.09999999999999999,0.14999999999999997,1.278723404255319,0.0,0.03903273891771832,0.010970744680851064,0.09858156028368793,0.0,0.19516369458859162,0.07313829787234043,0.9858156028368793,1.0,0.0,0.19516369458859162,0.07313829787234043,0.9858156028368793,1.0,0.14858504388225732,0.14858504388225732,0.18964422375043205,0.18964422375043205,0.18964422375043205,0.0,0.0
69,0.39999999999999997,0.19999999999999998,0.14999999999999997,0.09999999999999999,0.14999999999999997,1.2249999999999999,0.0,0.03500286323675652,0.006640625000000001,0.09778645833333333,0.0,0.17501431618378258,0.044270833333333336,0.9778645833333334,1.0,0.0,0.17501431618378258,0.044270833333333336,0.9778645833333334,1.0,0.13942994657008986,0.13942994657008986,0.17284849043036943,0.17284849043036943,0.17284849043036943,0.0,0.0
70,0.39999999999999997,0.19999999999999998,0.14999999999999997,0.09999999999999999,0.14999999999999997,1.2702127659574467,0.0,0.040760171704420776,0.009574468085106381,0.09999999999999999,0.0,0.20380085852210383,0.06382978723404255,1.0,1.0,0.0,0.20380085852210383,0.06382978723404255,1.0,1.0,0.15033463978952719,0.15033463978952719,0.1902248485523909,0.1902248485523909,0.1902248485523909,0.0,0.0
71,0.39999999999999997,0.19999999999999998,0.14999999999999997,0.09999999999999999,0.14999999999999997,1.3,0.0,0.03640752814135136,0.0031249999999999997,0.09791666666666665,0.0,0.18203764070675676,0.020833333333333332,0.9791666666666666,1.0,0.0,0.18203764070675676,0.020833333333333332,0.9791666666666666,1.0,0.137449194808018,0.137449194808018,0.178367276777238,0.178367276777238,0.178367276777238,0.0,0.0
72,0.39999999999999997,0.19999999999999998,0.14999999999999997,0.09999999999999999,0.14999999999999997,1.2395833333333333,0.0,0.04708353567603557,0.0029296875,0.09999999999999999,0.0,0.23541767838017788,0.01953125,1.0,1.0,0.0,0.23541767838017788,0.01953125,1.0,1.0,0.15001322317603558,0.15001322317603558,0.186658386330405,0.186658386330405,0.186658386330405,0.0,0.0
73,0.39999999999999997,0.19999999999999998,0.14999999999999997,0.09999999999999999,0.14999999999999997,1.2625,0.0,0.04053447355537216,0.013476562499999999,0.09895833333333333,0.0,0.2026723677768608,0.08984375,0.9895833333333334,1.0,0.0,0.2026723677768608,0.08984375,0.9895833333333334,1.0,0.1529693693887055,0.1529693693887055,0.1926099737401654,0.1926099737401654,0.1926099737401654,0.0,0.0
74,0.39999999999999997,0.19999999999999998,0.14999999999999997,0.09999999999999999,0.14999999999999997,1.2354166666666664,0.0,0.04184074709878358,0.009375,0.09999999999999999,0.0,0.20920373549391794,0.0625,1.0,1.0,0.0,0.20920373549391794,0.0625,1.0,1.0,0.1512157470987836,0.1512157470987836,0.18576303581381004,0.18576303581381004,0.18576303581381004,0.0,0.0
75,0.39999999999999997,0.19999999999999998,0.14999999999999997,0.09999999999999999,0.14999999999999997,1.2791666666666666,0.0,0.032661545916668255,0.01875,0.09999999999999999,0.0,0.16330772958334128,0.125,1.0,1.0,0.0,0.16330772958334128,0.125,1.0,1.0,0.15141154591666828,0.15141154591666828,0.19270799862878216,0.19270799862878216,0.19270799862878216,0.0,0.0
76,0.39999999999999997,0.19999999999999998,0.14999999999999997,0.09999999999999999,0.14999999999999997,1.2666666666666666,0.0,0.03950306397804585,0.015625,0.09713541666666665,0.0,0.1975153198902293,0.10416666666666667,0.9713541666666666,1.0,0.0,0.1975153198902293,0.10416666666666667,0.9713541666666666,1.0,0.15226348064471254,0.15226348064471254,0.19319767902241383,0.19319767902241383,0.19319767902241383,0.0,0.0
77,0.39999999999999997,0.19999999999999998,0.14999999999999997,0.09999999999999999,0.14999999999999997,1.289583333333333,0.0,0.027913948174079505,0.011328125,0.098828125,0.0,0.1395697408703975,0.07552083333333333,0.98828125,1.0,0.0,0.1395697408703975,0.07552083333333333,0.98828125,1.0,0.1380701981740795,0.1380701981740795,0.17617108367268344,0.17617108367268344,0.17617108367268344,0.0,0.0
78,0.39999999999999997,0.19999999999999998,0.14999999999999997,0.09999999999999999,0.14999999999999997,1.2729166666666665,0.0,0.045185221242801506,0.012499999999999999,0.09930555555555554,0.0,0.22592610621400755,0.08333333333333333,0.9930555555555555,1.0,0.0,0.22592610621400755,0.08333333333333333,0.9930555555555555,1.0,0.15699077679835707,0.15699077679835707,0.1990139198026628,0.1990139198026628,0.1990139198026628,0.0,0.0
79,0.39999999999999997,0.19999999999999998,0.14999999999999997,0.09999999999999999,0.14999999999999997,1.3041666666666665,0.0,0.03498462859793335,0.0041015625,0.09895833333333333,0.0,0.1749231429896668,0.02734375,0.9895833333333334,1.0,0.0,0.1749231429896668,0.02734375,0.9895833333333334,1.0,0.13804452443126672,0.13804452443126672,0.17972142133103183,0.17972142133103183,0.17972142133103183,0.0,0.0
80,0.39999999999999997,0.19999999999999998,0.14999999999999997,0.09999999999999999,0.14999999999999997,1.2604166666666665,0.0,0.036389128973973686,0.006640625,0.09999999999999999,0.0,0.18194564486986842,0.044270833333333336,1.0,1.0,0.0,0.18194564486986842,0.044270833333333336,1.0,1.0,0.1430297539739737,0.1430297539739737,0.17910907498186646,0.17910907498186646,0.17910907498186646,0.0,0.0
81,0.39999999999999997,0.19999999999999998,0.14999999999999997,0.09999999999999999,0.14999999999999997,1.2499999999999998,0.0,0.04056453846935464,0.0,0.09895833333333333,0.0,0.20282269234677322,0.0,0.9895833333333334,1.0,0.0,0.20282269234677322,0.0,0.9895833333333334,1.0,0.13952287180268796,0.13952287180268796,0.17534343601591473,0.17534343601591473,0.17534343601591473,0.0,0.0
82,0.39999999999999997,0.19999999999999998,0.14999999999999997,0.09999999999999999,0.14999999999999997,1.24375,0.0,0.03813052188608039,0.012499999999999999,0.09329427083333335,0.0,0.19065260943040196,0.08333333333333333,0.9329427083333334,1.0,0.0,0.19065260943040196,0.08333333333333333,0.9329427083333334,1.0,0.14392479271941375,0.14392479271941375,0.17972806163420318,0.17972806163420318,0.17972806163420318,0.0,0.0
83,0.39999999999999997,0.19999999999999998,0.14999999999999997,0.09999999999999999,0.14999999999999997,1.2562499999999999,0.0,0.048453683003946556,0.0031249999999999997,0.09999999999999999,0.0,0.24226841501973276,0.020833333333333332,1.0,1.0,0.0,0.24226841501973276,0.020833333333333332,1.0,1.0,0.15157868300394656,0.15157868300394656,0.1907820326549715,0.1907820326549715,0.1907820326549715,0.0,0.0
84,0.39999999999999997,0.19999999999999998,0.14999999999999997,0.09999999999999999,0.14999999999999997,1.24375,0.0,0.03943112073984173,0.012499999999999999,0.09722222222222221,0.0,0.19715560369920868,0.08333333333333333,0.9722222222222222,1.0,0.0,0.19715560369920868,0.08333333333333333,0.9722222222222222,1.0,0.14915334296206398,0.14915334296206398,0.18657034482002385,0.18657034482002385,0.18657034482002385,0.0,0.0
85,0.39999999999999997,0.19999999999999998,0.14999999999999997,0.09999999999999999,0.14999999999999997,1.3062499999999997,0.0,0.042758301821361366,0.009375,0.09991319444444442,0.0,0.21379150910680678,0.0625,0.9991319444444443,1.0,0.0,0.21379150910680678,0.0625,0.9991319444444443,1.0,0.1520464962658058,0.1520464962658058,0.19907174853334952,0.19907174853334952,0.19907174853334952,0.0,0.0
86,0.39999999999999997,0.19999999999999998,0.14999999999999997,0.09999999999999999,0.14999999999999997,1.2604166666666667,0.0,0.037586196529721796,0.0062499999999999995,0.09652777777777777,0.0,0.187930982648609,0.041666666666666664,0.9652777777777778,1.0,0.0,0.187930982648609,0.041666666666666664,0.9652777777777778,1.0,0.14036397430749958,0.14036397430749958,0.175492194305354,0.175492194305354,0.175492194305354,0.0,0.0
87,0.39999999999999997,0.19999999999999998,0.14999999999999997,0.09999999999999999,0.14999999999999997,1.2749999999999997,0.0,0.03556430219920372,0.009570312499999999,0.09999999999999999,0.0,0.17782151099601862,0.06380208333333333,1.0,1.0,0.0,0.17782151099601862,0.06380208333333333,1.0,1.0,0.14513461469920372,0.14513461469920372,0.1839980506904705,0.1839980506904705,0.1839980506904705,0.0,0.0
88,0.39999999999999997,0.19999999999999998,0.14999999999999997,0.09999999999999999,0.14999999999999997,1.2645833333333332,0.0,0.034986326497001535,0.008007812500000001,0.09986979166666665,0.0,0.17493163248500768,0.053385416666666664,0.9986979166666666,1.0,0.0,0.17493163248500768,0.053385416666666664,0.9986979166666666,1.0,0.1428639306636682,0.1428639306636682,0.18036571097558077,0.18036571097558077,0.18036571097558077,0.0,0.0
89,0.39999999999999997,0.19999999999999998,0.14999999999999997,0.09999999999999999,0.14999999999999997,1.2666666666666664,0.0,0.041216281285468635,0.0056640625,0.09448784722222221,0.0,0.20608140642734316,0.037760416666666664,0.9448784722222222,1.0,0.0,0.20608140642734316,0.037760416666666664,0.9448784722222222,1.0,0.14136819100769085,0.14136819100769085,0.17770805642715903,0.17770805642715903,0.17770805642715903,0.0,0.0
90,0.39999999999999997,0.19999999999999998,0.14999999999999997,0.09999999999999999,0.14999999999999997,1.2645833333333332,0.0,0.030792923499274063,0.0064453125000000005,0.09644097222222221,0.0,0.15396461749637028,0.04296875,0.9644097222222222,1.0,0.0,0.15396461749637028,0.04296875,0.9644097222222222,1.0,0.1336792082214963,0.1336792082214963,0.17056818754265812,0.17056818754265812,0.17056818754265812,0.0,0.0
91,0.39999999999999997,0.19999999999999998,0.14999999999999997,0.09999999999999999,0.14999999999999997,1.2458333333333333,0.0,0.060996606601812525,0.009960937500000001,0.096875,0.0,0.3049830330090626,0.06640625,0.96875,1.0,0.0,0.3049830330090626,0.06640625,0.96875,1.0,0.16783254410181256,0.16783254410181256,0.2085354772894715,0.2085354772894715,0.2085354772894715,0.0,0.0
92,0.39999999999999997,0.19999999999999998,0.14999999999999997,0.09999999999999999,0.14999999999999997,1.227083333333333,0.0,0.04463281677679696,0.009375,0.09856770833333332,0.0,0.22316408388398476,0.0625,0.9856770833333334,1.0,0.0,0.22316408388398476,0.0625,0.9856770833333334,1.0,0.15257552511013028,0.15257552511013028,0.18724491244897667,0.18724491244897667,0.18724491244897667,0.0,0.0
93,0.39999999999999997,0.19999999999999998,0.14999999999999997,0.09999999999999999,0.14999999999999997,1.3041666666666665,0.0,0.04331182346876889,0.0037109375000000003,0.09991319444444442,0.0,0.21655911734384445,0.024739583333333332,0.9991319444444443,1.0,0.0,0.21655911734384445,0.024739583333333332,0.9991319444444443,1.0,0.14693595541321336,0.14693595541321336,0.19132588582700202,0.19132588582700202,0.19132588582700202,0.0,0.0
94,0.39999999999999997,0.19999999999999998,0.14999999999999997,0.09999999999999999,0.14999999999999997,1.2479166666666666,0.0,0.050348966560323255,0.0,0.0947265625,0.0,0.25174483280161625,0.0,0.947265625,1.0,0.0,0.25174483280161625,0.0,0.947265625,1.0,0.14507552906032326,0.14507552906032326,0.18121457413179234,0.18121457413179234,0.18121457413179234,0.0,0.0
95,0.39999999999999997,0.19999999999999998,0.14999999999999997,0.09999999999999999,0.14999999999999997,1.2791666666666666,0.0,0.03812206140909829,0.0078125,0.09999999999999999,0.0,0.19061030704549142,0.052083333333333336,1.0,1.0,0.0,0.19061030704549142,0.052083333333333336,1.0,1.0,0.1459345614090983,0.1459345614090983,0.1866535380036943,0.1866535380036943,0.1866535380036943,0.0,0.0
96,0.39999999999999997,0.19999999999999998,0.14999999999999997,0.09999999999999999,0.14999999999999997,1.28125,0.0,0.0447062255127115,0.013867187500000001,0.09999999999999999,0.0,0.2235311275635575,0.09244791666666667,1.0,1.0,0.0,0.2235311275635575,0.09244791666666667,1.0,1.0,0.15857341301271152,0.15857341301271152,0.20287360136351054,0.20287360136351054,0.20287360136351054,0.0,0.0
97,0.39999999999999997,0.19999999999999998,0.14999999999999997,0.09999999999999999,0.14999999999999997,1.2020833333333332,0.0,0.050084891361928174,0.012499999999999999,0.09804687499999999,0.0,0.2504244568096408,0.08333333333333333,0.98046875,1.0,0.0,0.2504244568096408,0.08333333333333333,0.98046875,1.0,0.16063176636192816,0.16063176636192816,0.19575024579391584,0.19575024579391584,0.19575024579391584,0.0,0.0
98,0.39999999999999997,0.19999999999999998,0.14999999999999997,0.09999999999999999,0.14999999999999997,1.2729166666666665,0.0,0.05120751868080666,0.012499999999999999,0.09635416666666667,0.0,0.25603759340403326,0.08333333333333333,0.9635416666666666,1.0,0.0,0.25603759340403326,0.08333333333333333,0.9635416666666666,1.0,0.16006168534747334,0.16006168534747334,0.20552205055281925,0.20552205055281925,0.20552205055281925,0.0,0.0
99,0.39999999999999997,0.19999999999999998,0.14999999999999997,0.09999999999999999,0.14999999999999997,1.2687499999999998,0.0,0.05440257183621297,0.0033203125,0.09694010416666665,0.0,0.2720128591810649,0.022135416666666668,0.9694010416666666,1.0,0.0,0.2720128591810649,0.022135416666666668,0.9694010416666666,1.0,0.15466298850287966,0.15466298850287966,0.19437538503172883,0.19437538503172883,0.19437538503172883,0.0,0.0
100,0.39999999999999997,0.19999999999999998,0.14999999999999997,0.09999999999999999,0.14999999999999997,1.2374999999999998,0.0,0.044818827543170285,0.009375,0.09529079861111112,0.0,0.2240941377158514,0.0625,0.952907986111111,1.0,0.0,0.2240941377158514,0.0625,0.952907986111111,1.0,0.1494846261542814,0.1494846261542814,0.18563874619050358,0.18563874619050358,0.18563874619050358,0.0,0.0
101,0.39999999999999997,0.19999999999999998,0.14999999999999997,0.09999999999999999,0.14999999999999997,1.2395833333333333,0.0,0.04534711224709868,0.012304687500000001,0.09999999999999999,0.0,0.22673556123549335,0.08203125,1.0,1.0,0.0,0.22673556123549335,0.08203125,1.0,1.0,0.15765179974709867,0.15765179974709867,0.19634617319594835,0.19634617319594835,0.19634617319594835,0.0,0.0
102,0.39999999999999997,0.19999999999999998,0.14999999999999997,0.09999999999999999,0.14999999999999997,1.2645833333333332,0.0,0.04078029349803412,0.01953125,0.09999999999999999,0.0,0.20390146749017057,0.13020833333333334,1.0,1.0,0.0,0.20390146749017057,0.13020833333333334,1.0,1.0,0.16031154349803411,0.16031154349803411,0.2018100072812802,0.2018100072812802,0.2018100072812802,0.0,0.0
103,0.39999999999999997,0.19999999999999998,0.14999999999999997,0.09999999999999999,0.14999999999999997,1.2395833333333333,0.0,0.04497743909955815,0.0,0.09969618055555556,0.0,0.2248871954977907,0.0,0.9969618055555555,1.0,0.0,0.2248871954977907,0.0,0.9969618055555555,1.0,0.14467361965511372,0.14467361965511372,0.1796965910706516,0.1796965910706516,0.1796965910706516,0.0,0.0
104,0.39999999999999997,0.19999999999999998,0.14999999999999997,0.09999999999999999,0.14999999999999997,1.29375,0.0,0.048252096067688065,0.0062499999999999995,0.09973958333333333,0.0,0.2412604803384403,0.041666666666666664,0.9973958333333334,1.0,0.0,0.2412604803384403,0.041666666666666664,0.9973958333333334,1.0,0.1542416794010214,0.1542416794010214,0.19841665592355676,0.19841665592355676,0.19841665592355676,0.0,0.0
105,0.39999999999999997,0.19999999999999998,0.14999999999999997,0.09999999999999999,0.14999999999999997,1.2333333333333332,0.0,0.04879511376406153,0.0031249999999999997,0.09507378472222222,0.0,0.24397556882030766,0.020833333333333332,0.9507378472222223,1.0,0.0,0.24397556882030766,0.020833333333333332,0.9507378472222223,1.0,0.14699389848628377,0.14699389848628377,0.18188041082237374,0.18188041082237374,0.18188041082237374,0.0,0.0
106,0.39999999999999997,0.19999999999999998,0.14999999999999997,0.09999999999999999,0.14999999999999997,1.2458333333333333,0.0,0.03726629725263398,0.026953124999999998,0.09954427083333332,0.0,0.18633148626316987,0.1796875,0.9954427083333334,1.0,0.0,0.18633148626316987,0.1796875,0.9954427083333334,1.0,0.1637636930859673,0.1637636930859673,0.20258916185848622,0.20258916185848622,0.20258916185848622,0.0,0.0
107,0.39999999999999997,0.19999999999999998,0.14999999999999997,0.09999999999999999,0.14999999999999997,1.2520833333333332,0.0,0.05280447632665125,0.009960937500000001,0.09791666666666665,0.0,0.26402238163325625,0.06640625,0.9791666666666666,1.0,0.0,0.26402238163325625,0.06640625,0.9791666666666666,1.0,0.16068208049331792,0.16068208049331792,0.2009290425364841,0.2009290425364841,0.2009290425364841,0.0,0.0
108,0.39999999999999997,0.19999999999999998,0.14999999999999997,0.09999999999999999,0.14999999999999997,1.23125,0.0,0.04932497535434296,0.013085937499999999,0.09999999999999999,0.0,0.24662487677171474,0.08723958333333333,1.0,1.0,0.0,0.24662487677171474,0.08723958333333333,1.0,1.0,0.16241091285434295,0.16241091285434295,0.200305470930231,0.200305470930231,0.200305470930231,0.0,0.0
109,0.39999999999999997,0.19999999999999998,0.14999999999999997,0.09999999999999999,0.14999999999999997,1.1875,0.0,0.04411521793074507,0.010937499999999998,0.0958767361111111,0.0,0.22057608965372533,0.07291666666666667,0.9587673611111112,1.0,0.0,0.22057608965372533,0.07291666666666667,0.9587673611111112,1.0,0.15092945404185618,0.15092945404185618,0.18025692658173753,0.18025692658173753,0.18025692658173753,0.0,0.0
110,0.39999999999999997,0.19999999999999998,0.14999999999999997,0.09999999999999999,0.14999999999999997,1.227083333333333,0.0,0.054658221044819544,0.0062499999999999995,0.09654947916666667,0.0,0.2732911052240978,0.041666666666666664,0.9654947916666666,1.0,0.0,0.2732911052240978,0.041666666666666664,0.9654947916666666,1.0,0.15745770021148622,0.15745770021148622,0.19556867613591514,0.19556867613591514,0.19556867613591514,0.0,0.0
111,0.39999999999999997,0.19999999999999998,0.14999999999999997,0.09999999999999999,0.14999999999999997,1.2374999999999998,0.0,0.04666323651226809,0.0027343749999999994,0.09737413194444444,0.0,0.23331618256134048,0.018229166666666668,0.9737413194444443,1.0,0.0,0.23331618256134048,0.018229166666666668,0.9737413194444443,1.0,0.14677174345671254,0.14677174345671254,0.1818673993392221,0.1818673993392221,0.1818673993392221,0.0,0.0
112,0.39999999999999997,0.19999999999999998,0.14999999999999997,0.09999999999999999,0.14999999999999997,1.2124999999999997,0.0,0.047496235344231606,0.009570312499999999,0.09609374999999999,0.0,0.237481176721158,0.06380208333333333,0.9609375,1.0,0.0,0.237481176721158,0.06380208333333333,0.9609375,1.0,0.1531602978442316,0.1531602978442316,0.18797454944866598,0.18797454944866598,0.18797454944866598,0.0,0.0
113,0.39999999999999997,0.19999999999999998,0.14999999999999997,0.09999999999999999,0.14999999999999997,1.2854166666666664,0.0,0.04017729906410304,0.01015625,0.09583333333333333,0.0,0.20088649532051525,0.06770833333333333,0.9583333333333334,1.0,0.0,0.20088649532051525,0.06770833333333333,0.9583333333333334,1.0,0.1461668823974364,0.1461668823974364,0.18619082662528771,0.18619082662528771,0.18619082662528771,0.0,0.0
114,0.39999999999999997,0.19999999999999998,0.14999999999999997,0.09999999999999999,0.14999999999999997,1.2687499999999998,0.0,0.04537393232029354,0.01875,0.09999999999999999,0.0,0.22686966160146768,0.125,1.0,1.0,0.0,0.22686966160146768,0.125,1.0,1.0,0.16412393232029354,0.16412393232029354,0.2090119936822711,0.2090119936822711,0.2090119936822711,0.0,0.0
115,0.39999999999999997,0.19999999999999998,0.14999999999999997,0.09999999999999999,0.14999999999999997,1.2166666666666666,0.0,0.056075093667881236,0.015429687500000002,0.09999999999999999,0.0,0.28037546833940613,0.10286458333333333,1.0,1.0,0.0,0.28037546833940613,0.10286458333333333,1.0,1.0,0.17150478116788123,0.17150478116788123,0.21122477289621555,0.21122477289621555,0.21122477289621555,0.0,0.0
116,0.39999999999999997,0.19999999999999998,0.14999999999999997,0.09999999999999999,0.14999999999999997,1.2104166666666665,0.0,0.04407736436396372,0.00234375,0.09375,0.0,0.22038682181981858,0.015625,0.9375,1.0,0.0,0.22038682181981858,0.015625,0.9375,1.0,0.1401711143639637,0.1401711143639637,0.17090915503315726,0.17090915503315726,0.17090915503315726,0.0,0.0
117,0.39999999999999997,0.19999999999999998,0.14999999999999997,0.09999999999999999,0.14999999999999997,1.2249999999999999,0.0,0.048359514184462486,0.0103515625,0.09505208333333331,0.0,0.24179757092231244,0.06901041666666667,0.9505208333333334,1.0,0.0,0.24179757092231244,0.06901041666666667,0.9505208333333334,1.0,0.15376316001779583,0.15376316001779583,0.18902292247498562,0.18902292247498562,0.18902292247498562,0.0,0.0
118,0.39999999999999997,0.19999999999999998,0.14999999999999997,0.09999999999999999,0.14999999999999997,1.2520833333333332,0.0,0.051405872632813855,0.018164062499999998,0.09887152777777779,0.0,0.25702936316406927,0.12109375,0.9887152777777777,1.0,0.0,0.25702936316406927,0.12109375,0.9887152777777777,1.0,0.16844146291059162,0.16844146291059162,0.20892013109283555,0.20892013109283555,0.20892013109283555,0.0,0.0
119,0.39999999999999997,0.19999999999999998,0.14999999999999997,0.09999999999999999,0.14999999999999997,1.270833333333333,0.0,0.04720288718276041,0.012499999999999999,0.09999999999999999,0.0,0.23601443591380203,0.08333333333333333,1.0,1.0,0.0,0.23601443591380203,0.08333333333333333,1.0,1.0,0.1597028871827604,0.1597028871827604,0.20180417103994433,0.20180417103994433,0.20180417103994433,0.0,0.0013020833333333333
120,0.39999999999999997,0.19999999999999998,0.14999999999999997,0.09999999999999999,0.14999999999999997,1.2354166666666664,0.0,0.0413717347663326,0.014062499999999999,0.0986111111111111,0.0,0.20685867383166298,0.09375,0.986111111111111,1.0,0.0,0.20685867383166298,0.09375,0.986111111111111,1.0,0.1540453458774437,0.1540453458774437,0.1903540915120665,0.1903540915120665,0.1903540915120665,0.0,0.0
121,0.39999999999999997,0.19999999999999998,0.14999999999999997,0.09999999999999999,0.14999999999999997,1.2833333333333332,0.0,0.04185770767418958,0.0031249999999999997,0.099609375,0.0,0.20928853837094788,0.020833333333333332,0.99609375,1.0,0.0,0.20928853837094788,0.020833333333333332,0.99609375,1.0,0.14459208267418958,0.14459208267418958,0.18601615700479704,0.18601615700479704,0.18601615700479704,0.0,0.0
122,0.39999999999999997,0.19999999999999998,0.14999999999999997,0.09999999999999999,0.14999999999999997,1.2562499999999999,0.0,0.04592056857318786,0.006445312499999999,0.09531250000000001,0.0,0.22960284286593927,0.04296875,0.953125,1.0,0.0,0.22960284286593927,0.04296875,0.953125,1.0,0.14767838107318787,0.14767838107318787,0.18517998194938015,0.18517998194938015,0.18517998194938015,0.0,0.0
123,0.39999999999999997,0.19999999999999998,0.14999999999999997,0.09999999999999999,0.14999999999999997,1.25,0.0,0.05629137174261408,0.012499999999999999,0.09791666666666665,0.0,0.28145685871307036,0.08333333333333333,0.9791666666666666,1.0,0.0,0.28145685871307036,0.08333333333333333,0.9791666666666666,1.0,0.16670803840928075,0.16670803840928075,0.20811996647310127,0.20811996647310127,0.20811996647310127,0.0,0.0
124,0.39999999999999997,0.19999999999999998,0.14999999999999997,0.09999999999999999,0.14999999999999997,1.2574468085106383,0.0,0.05085630164930021,0.0,0.09999999999999999,0.0,0.25428150824650103,0.0,1.0,1.0,0.0,0.25428150824650103,0.0,1.0,1.0,0.15085630164930022,0.15085630164930022,0.19104253511399222,0.19104253511399222,0.19104253511399222,0.0,0.0026595744680851063
125,0.39999999999999997,0.19999999999999998,0.14999999999999997,0.09999999999999999,0.14999999999999997,1.227659574468085,0.0,0.041220716257525346,0.009574468085106381,0.09999999999999999,0.0,0.20610358128762674,0.06382978723404255,1.0,1.0,0.0,0.20610358128762674,0.06382978723404255,1.0,1.0,0.15079518434263173,0.15079518434263173,0.18359168454346123,0.18359168454346123,0.18359168454346123,0.0,0.0
126,0.39999999999999997,0.19999999999999998,0.14999999999999997,0.09999999999999999,0.14999999999999997,1.2893617021276595,0.0,0.0505278662182509,0.0033909574468085103,0.09645390070921986,0.0,0.2526393310912545,0.022606382978723406,0.9645390070921985,1.0,0.0,0.2526393310912545,0.022606382978723406,0.9645390070921985,1.0,0.1503727243742793,0.1503727243742793,0.19208349670871458,0.19208349670871458,0.19208349670871458,0.0,0.0
127,0.39999999999999997,0.19999999999999998,0.14999999999999997,0.09999999999999999,0.14999999999999997,1.2659574468085104,0.0,0.05296816452577955,0.0,0.09543439716312056,0.0,0.26484082262889774,0.0,0.9543439716312058,1.0,0.0,0.26484082262889774,0.0,0.9543439716312058,1.0,0.14840256168890015,0.14840256168890015,0.18815501229330409,0.18815501229330409,0.18815501229330409,0.0,0.0
128,0.3999999999999999,0.19999999999999996,0.15,0.09999999999999998,0.15,1.227906976744186,0.0,0.054846122745543874,0.0069767441860465115,0.09614825581395348,0.0,0.27423061372771934,0.046511627906976744,0.9614825581395349,1.0,0.0,0.27423061372771934,0.046511627906976744,0.9614825581395349,1.0,0.15797112274554387,0.15797112274554387,0.1959617610636933,0.1959617610636933,0.1959617610636933,0.0,0.0
129,0.4,0.2,0.14999999999999997,0.1,0.14999999999999997,1.3044444444444443,0.0,0.050412633916570686,0.006666666666666666,0.09974537037037036,0.0,0.2520631695828534,0.044444444444444446,0.9974537037037037,1.0,0.0,0.2520631695828534,0.044444444444444446,0.9974537037037037,1.0,0.15682467095360775,0.15682467095360775,0.2042861503111448,0.2042861503111448,0.2042861503111448,0.0,0.0
130,0.3999999999999999,0.19999999999999996,0.14999999999999997,0.09999999999999998,0.14999999999999997,1.269047619047619,0.0,0.05243903174590438,0.0078125,0.09999999999999998,0.0,0.26219515872952187,0.052083333333333336,1.0,1.0,0.0,0.26219515872952187,0.052083333333333336,1.0,1.0,0.1602515317459044,0.1602515317459044,0.20260246556357273,0.20260246556357273,0.20260246556357273,0.0,0.0
131,0.39999999999999997,0.19999999999999998,0.14999999999999997,0.09999999999999999,0.14999999999999997,1.2636363636363634,0.0,0.040547489142825015,0.006818181818181818,0.09843749999999997,0.0,0.20273744571412508,0.045454545454545456,0.984375,1.0,0.0,0.20273744571412508,0.045454545454545456,0.984375,1.0,0.14580317096100684,0.14580317096100684,0.1834206370503278,0.1834206370503278,0.1834206370503278,0.0,0.002840909090909091
132,0.39999999999999997,0.19999999999999998,0.14999999999999997,0.09999999999999999,0.14999999999999997,1.2499999999999998,0.0,0.04839684946179474,0.008967391304347826,0.09999999999999999,0.0,0.24198424730897364,0.059782608695652176,1.0,1.0,0.0,0.24198424730897364,0.059782608695652176,1.0,1.0,0.15736424076614255,0.15736424076614255,0.1952320558282044,0.1952320558282044,0.1952320558282044,0.0,0.008152173913043478
133,0.39999999999999997,0.19999999999999998,0.14999999999999997,0.09999999999999999,0.14999999999999997,1.2957446808510638,0.0,0.05575755274187833,0.0,0.09355053191489361,0.0,0.2787877637093917,0.0,0.9355053191489362,1.0,0.0,0.2787877637093917,0.0,0.9355053191489362,1.0,0.14930808465677195,0.14930808465677195,0.19362650772526627,0.19362650772526627,0.19362650772526627,0.0,0.003989361702127659
134,0.39999999999999997,0.19999999999999998,0.14999999999999997,0.09999999999999999,0.14999999999999997,1.2062499999999998,0.0,0.04775399677436352,0.008984375000000001,0.0998046875,0.0,0.23876998387181755,0.059895833333333336,0.998046875,1.0,0.0,0.23876998387181755,0.059895833333333336,0.998046875,1.0,0.15654305927436352,0.15654305927436352,0.1887801718830281,0.1887801718830281,0.1887801718830281,0.0,0.0
135,0.4,0.2,0.14999999999999997,0.1,0.14999999999999997,1.26,0.0,0.04340909966925026,0.02333333333333333,0.098125,0.0,0.21704549834625125,0.15555555555555556,0.98125,1.0,0.0,0.21704549834625125,0.15555555555555556,0.98125,1.0,0.1648674330025836,0.1648674330025836,0.20733476989875627,0.20733476989875627,0.20733476989875627,0.0,0.001388888888888889
136,0.39999999999999997,0.19999999999999998,0.14999999999999997,0.09999999999999999,0.14999999999999997,1.2468085106382978,0.0,0.03577120711027218,0.009574468085106381,0.09363918439716311,0.0,0.17885603555136087,0.06382978723404255,0.9363918439716313,1.0,0.0,0.17885603555136087,0.06382978723404255,0.9363918439716313,1.0,0.1389848595925417,0.1389848595925417,0.17295611090095642,0.17295611090095642,0.17295611090095642,0.0,0.0013297872340425532
137,0.39999999999999997,0.19999999999999998,0.14999999999999997,0.09999999999999999,0.14999999999999997,1.2499999999999998,0.0,0.051235900498797615,0.0062499999999999995,0.09739583333333333,0.0,0.25617950249398797,0.041666666666666664,0.9739583333333334,1.0,0.0,0.25617950249398797,0.041666666666666664,0.9739583333333334,1.0,0.15488173383213097,0.15488173383213097,0.19294611987765956,0.19294611987765956,0.19294611987765956,0.0,0.0
138,0.39999999999999997,0.19999999999999998,0.14999999999999997,0.09999999999999999,0.14999999999999997,1.3104166666666666,0.0,0.04289292540999296,0.0,0.09791666666666665,0.0,0.21446462704996483,0.0,0.9791666666666666,1.0,0.0,0.21446462704996483,0.0,0.9791666666666666,1.0,0.14080959207665963,0.14080959207665963,0.18375330875229445,0.18375330875229445,0.18375330875229445,0.0,0.0
139,0.39999999999999997,0.19999999999999998,0.14999999999999997,0.09999999999999999,0.14999999999999997,1.2456521739130435,0.0,0.05239435078588841,0.008559782608695651,0.09483695652173911,0.0,0.261971753929442,0.057065217391304345,0.9483695652173914,1.0,0.0,0.261971753929442,0.057065217391304345,0.9483695652173914,1.0,0.15579108991632318,0.15579108991632318,0.19474484868581163,0.19474484868581163,0.19474484868581163,0.0,0.0
140,0.39999999999999997,0.19999999999999998,0.14999999999999997,0.09999999999999999,0.14999999999999997,1.2638297872340423,0.0,0.04713279292470694,0.013962765957446806,0.09534574468085105,0.0,0.23566396462353473,0.09308510638297872,0.9534574468085106,1.0,0.0,0.23566396462353473,0.09308510638297872,0.9534574468085106,1.0,0.1564413035630048,0.1564413035630048,0.19709335387053442,0.19709335387053442,0.19709335387053442,0.0,0.0
141,0.39999999999999997,0.19999999999999998,0.14999999999999997,0.09999999999999999,0.14999999999999997,1.2636363636363634,0.0,0.04804039403609862,0.006818181818181818,0.09999999999999999,0.0,0.24020197018049308,0.045454545454545456,1.0,1.0,0.0,0.24020197018049308,0.045454545454545456,1.0,1.0,0.15485857585428045,0.15485857585428045,0.19499717992115384,0.19499717992115384,0.19499717992115384,0.0,0.0
142,0.39999999999999997,0.19999999999999998,0.14999999999999997,0.09999999999999999,0.14999999999999997,1.2541666666666667,0.0,0.05992237531981461,0.0031249999999999997,0.09375,0.0,0.299611876599073,0.020833333333333332,0.9375,1.0,0.0,0.299611876599073,0.020833333333333332,0.9375,1.0,0.1567973753198146,0.1567973753198146,0.19794170037469247,0.19794170037469247,0.19794170037469247,0.0,0.0
143,0.39999999999999997,0.19999999999999998,0.14999999999999997,0.09999999999999999,0.14999999999999997,1.2914893617021275,0.0,0.05508260119036533,0.009574468085106381,0.09999999999999999,0.0,0.2754130059518266,0.06382978723404255,1.0,1.0,0.0,0.2754130059518266,0.06382978723404255,1.0,1.0,0.16465706927547172,0.16465706927547172,0.21299787737296128,0.21299787737296128,0.21299787737296128,0.0,0.0
144,0.3999999999999999,0.19999999999999996,0.15,0.09999999999999998,0.15,1.2697674418604652,0.0,0.04956581093329874,0.0034883720930232558,0.09999999999999998,0.0,0.24782905466649371,0.023255813953488372,1.0,1.0,0.0,0.24782905466649371,0.023255813953488372,1.0,1.0,0.153054183026322,0.153054183026322,0.19449168019720078,0.19449168019720078,0.19449168019720078,0.0,0.0
145,0.39999999999999997,0.19999999999999998,0.14999999999999997,0.09999999999999999,0.14999999999999997,1.2695652173913041,0.0,0.06072528969310939,0.009782608695652173,0.09999999999999999,0.0,0.303626448465547,0.06521739130434782,1.0,1.0,0.0,0.303626448465547,0.06521739130434782,1.0,1.0,0.17050789838876157,0.17050789838876157,0.2148105549816117,0.2148105549816117,0.2148105549816117,0.0,0.0
146,0.39999999999999997,0.19999999999999998,0.14999999999999997,0.09999999999999999,0.14999999999999997,1.2291666666666665,0.0,0.05301168178541782,0.0173828125,0.09791666666666665,0.0,0.26505840892708904,0.11588541666666667,0.9791666666666666,1.0,0.0,0.26505840892708904,0.11588541666666667,0.9791666666666666,1.0,0.1683111609520845,0.1683111609520845,0.2084035427372127,0.2084035427372127,0.2084035427372127,0.0,0.0
147,0.39999999999999997,0.19999999999999998,0.14999999999999997,0.09999999999999999,0.14999999999999997,1.2812499999999998,0.0,0.05168234361263386,0.0062499999999999995,0.09652777777777777,0.0,0.2584117180631693,0.041666666666666664,0.9652777777777777,1.0,0.0,0.2584117180631693,0.041666666666666664,0.9652777777777777,1.0,0.15446012139041165,0.15446012139041165,0.19834567436035644,0.19834567436035644,0.19834567436035644,0.0,0.0
148,0.39999999999999997,0.19999999999999998,0.14999999999999997,0.09999999999999999,0.14999999999999997,1.24375,0.0,0.0494041907186778,0.009375,0.09791666666666665,0.0,0.24702095359338896,0.0625,0.9791666666666666,1.0,0.0,0.24702095359338896,0.0625,0.9791666666666666,1.0,0.15669585738534447,0.15669585738534447,0.19346423206177588,0.19346423206177588,0.19346423206177588,0.0,0.0
149,0.39999999999999997,0.19999999999999998,0.14999999999999997,0.09999999999999999,0.14999999999999997,1.2854166666666664,0.0,0.05528855448109282,0.009375,0.0986111111111111,0.0,0.2764427724054641,0.0625,0.9861111111111112,1.0,0.0,0.2764427724054641,0.0625,0.9861111111111112,1.0,0.16327466559220394,0.16327466559220394,0.20905541145529294,0.20905541145529294,0.20905541145529294,0.0,0.0
150,0.39999999999999997,0.19999999999999998,0.14999999999999997,0.09999999999999999,0.14999999999999997,1.2645833333333332,0.0,0.05332673755910225,0.009375,0.09414062499999999,0.0,0.2666336877955113,0.0625,0.94140625,1.0,0.0,0.2666336877955113,0.0625,0.94140625,1.0,0.15684236255910225,0.15684236255910225,0.19973449854692163,0.19973449854692163,0.19973449854692163,0.0,0.0
151,0.39999999999999997,0.19999999999999998,0.14999999999999997,0.09999999999999999,0.14999999999999997,1.2739130434782608,0.0,0.053957458283982816,0.009782608695652173,0.09999999999999999,0.0,0.2697872914199141,0.06521739130434782,1.0,1.0,0.0,0.2697872914199141,0.06521739130434782,1.0,1.0,0.16374006697963497,0.16374006697963497,0.2075932972112901,0.2075932972112901,0.2075932972112901,0.0,0.0
152,0.39999999999999997,0.19999999999999998,0.14999999999999997,0.09999999999999999,0.14999999999999997,1.2499999999999998,0.0,0.047750106966903766,0.006445312499999999,0.09999999999999999,0.0,0.23875053483451883,0.04296875,1.0,1.0,0.0,0.23875053483451883,0.04296875,1.0,1.0,0.15419541946690377,0.15419541946690377,0.19332016070822156,0.19332016070822156,0.19332016070822156,0.0,0.0
153,0.39999999999999997,0.19999999999999998,0.14999999999999997,0.09999999999999999,0.14999999999999997,1.2958333333333332,0.0,0.05250810873982115,0.0103515625,0.09609374999999999,0.0,0.26254054369910573,0.06901041666666667,0.9609375,1.0,0.0,0.26254054369910573,0.06901041666666667,0.9609375,1.0,0.15895342123982115,0.15895342123982115,0.2048710463751885,0.2048710463751885,0.2048710463751885,0.0,0.0
154,0.39999999999999997,0.19999999999999998,0.14999999999999997,0.09999999999999999,0.14999999999999997,1.2770833333333333,0.0,0.060386978789047495,0.009375,0.09895833333333333,0.0,0.3019348939452374,0.0625,0.9895833333333334,1.0,0.0,0.3019348939452374,0.0625,0.9895833333333334,1.0,0.1687203121223808,0.1687203121223808,0.21596627768924156,0.21596627768924156,0.21596627768924156,0.0,0.0
155,0.39999999999999997,0.19999999999999998,0.14999999999999997,0.09999999999999999,0.14999999999999997,1.2104166666666665,0.0,0.04557531122818606,0.0062499999999999995,0.09479166666666666,0.0,0.2278765561409303,0.041666666666666664,0.9479166666666666,1.0,0.0,0.2278765561409303,0.041666666666666664,0.9479166666666666,1.0,0.14661697789485276,0.14661697789485276,0.1788848252288683,0.1788848252288683,0.1788848252288683,0.0,0.0
156,0.39999999999999997,0.19999999999999998,0.14999999999999997,0.09999999999999999,0.14999999999999997,1.2833333333333332,0.0,0.043357676883000344,0.015625,0.09791666666666665,0.0,0.21678838441500167,0.10416666666666667,0.9791666666666666,1.0,0.0,0.21678838441500167,0.10416666666666667,0.9791666666666666,1.0,0.15689934354966703,0.15689934354966703,0.2003996291399146,0.2003996291399146,0.2003996291399146,0.0,0.0
157,0.39999999999999997,0.19999999999999998,0.14999999999999997,0.09999999999999999,0.14999999999999997,1.2562499999999999,0.0,0.04805157445371683,0.0056640625,0.09791666666666665,0.0,0.2402578722685841,0.037760416666666664,0.9791666666666666,1.0,0.0,0.2402578722685841,0.037760416666666664,0.9791666666666666,1.0,0.15163230362038352,0.15163230362038352,0.19093302492390216,0.19093302492390216,0.19093302492390216,0.0,0.0
158,0.39999999999999997,0.19999999999999998,0.14999999999999997,0.09999999999999999,0.14999999999999997,1.2249999999999999,0.0,0.055918181208846285,0.0062499999999999995,0.099609375,0.0,0.2795909060442314,0.041666666666666664,0.99609375,1.0,0.0,0.2795909060442314,0.041666666666666664,0.99609375,1.0,0.1617775562088463,0.1617775562088463,0.19786397304805312,0.19786397304805312,0.19786397304805312,0.0,0.0
159,0.39999999999999997,0.19999999999999998,0.14999999999999997,0.09999999999999999,0.14999999999999997,1.2520833333333332,0.0,0.04522320490447738,0.015625,0.09674479166666666,0.0,0.22611602452238685,0.10416666666666667,0.9674479166666666,1.0,0.0,0.22611602452238685,0.10416666666666667,0.9674479166666666,1.0,0.15759299657114406,0.15759299657114406,0.19753061067557875,0.19753061067557875,0.19753061067557875,0.0,0.0
160,0.39999999999999997,0.19999999999999998,0.14999999999999997,0.09999999999999999,0.14999999999999997,1.2354166666666664,0.0,0.05821593552862978,0.0042968749999999995,0.09837239583333335,0.0,0.2910796776431489,0.028645833333333332,0.9837239583333334,1.0,0.0,0.2910796776431489,0.028645833333333332,0.9837239583333334,1.0,0.16088520636196313,0.16088520636196313,0.19905113602648253,0.19905113602648253,0.19905113602648253,0.0,0.0
161,0.39999999999999997,0.19999999999999998,0.14999999999999997,0.09999999999999999,0.14999999999999997,1.2083333333333333,0.0,0.06520408628405981,0.0062499999999999995,0.09722222222222221,0.0,0.32602043142029896,0.041666666666666664,0.9722222222222223,1.0,0.0,0.32602043142029896,0.041666666666666664,0.9722222222222223,1.0,0.16867630850628204,0.16867630850628204,0.20441500341808047,0.20441500341808047,0.20441500341808047,0.0,0.0
162,0.39999999999999997,0.19999999999999998,0.14999999999999997,0.09999999999999999,0.14999999999999997,1.1979166666666665,0.0,0.053732979091339006,0.0068359375,0.09596354166666665,0.0,0.26866489545669503,0.045572916666666664,0.9596354166666666,1.0,0.0,0.26866489545669503,0.045572916666666664,0.9596354166666666,1.0,0.15653245825800569,0.15653245825800569,0.18921254968699477,0.18921254968699477,0.18921254968699477,0.0,0.0
163,0.39999999999999997,0.19999999999999998,0.14999999999999997,0.09999999999999999,0.14999999999999997,1.2520833333333332,0.0,0.04902515352536207,0.0091796875,0.09999999999999999,0.0,0.2451257676268103,0.061197916666666664,1.0,1.0,0.0,0.2451257676268103,0.061197916666666664,1.0,1.0,0.15820484102536206,0.15820484102536206,0.1983979464118393,0.1983979464118393,0.1983979464118393,0.0,0.0
164,0.39999999999999997,0.19999999999999998,0.14999999999999997,0.09999999999999999,0.14999999999999997,1.2333333333333332,0.0,0.05127099873978656,0.0083984375,0.09965277777777777,0.0,0.2563549936989328,0.055989583333333336,0.9965277777777778,1.0,0.0,0.2563549936989328,0.055989583333333336,0.9965277777777778,1.0,0.15932221401756433,0.15932221401756433,0.1966776345465012,0.1966776345465012,0.1966776345465012,0.0,0.0
165,0.39999999999999997,0.19999999999999998,0.14999999999999997,0.09999999999999999,0.14999999999999997,1.2958333333333332,0.0,0.05468470427733759,0.010937499999999998,0.09583333333333333,0.0,0.27342352138668796,0.07291666666666667,0.9583333333333334,1.0,0.0,0.27342352138668796,0.07291666666666667,0.9583333333333334,1.0,0.16145553761067094,0.16145553761067094,0.20851442226408387,0.20851442226408387,0.20851442226408387,0.0,0.0
166,0.39999999999999997,0.19999999999999998,0.14999999999999997,0.09999999999999999,0.14999999999999997,1.2729166666666665,0.0,0.05036852048267679,0.009375,0.099609375,0.0,0.2518426024133839,0.0625,0.99609375,1.0,0.0,0.2518426024133839,0.0625,0.99609375,1.0,0.1593528954826768,0.1593528954826768,0.20259082008510268,0.20259082008510268,0.20259082008510268,0.0,0.0
167,0.39999999999999997,0.19999999999999998,0.14999999999999997,0.09999999999999999,0.14999999999999997,1.2770833333333333,0.0,0.04435529278066919,0.009375,0.09240451388888887,0.0,0.22177646390334593,0.0625,0.9240451388888888,1.0,0.0,0.22177646390334593,0.0625,0.9240451388888888,1.0,0.14613480666955808,0.14613480666955808,0.18800282248779512,0.18800282248779512,0.18800282248779512,0.0,0.0
168,0.39999999999999997,0.19999999999999998,0.14999999999999997,0.09999999999999999,0.14999999999999997,1.2854166666666664,0.0,0.047275393719366794,0.0062499999999999995,0.09689670138888888,0.0,0.236376968596834,0.041666666666666664,0.9689670138888888,1.0,0.0,0.236376968596834,0.041666666666666664,0.9689670138888888,1.0,0.1504220951082557,0.1504220951082557,0.19449850940073166,0.19449850940073166,0.19449850940073166,0.0,0.0
169,0.39999999999999997,0.19999999999999998,0.14999999999999997,0.09999999999999999,0.14999999999999997,1.2604166666666667,0.0,0.045275451604369986,0.009375,0.0984375,0.0,0.22637725802184994,0.0625,0.984375,1.0,0.0,0.22637725802184994,0.0625,0.984375,1.0,0.15308795160437,0.15308795160437,0.19392173826139167,0.19392173826139167,0.19392173826139167,0.0,0.0
170,0.39999999999999997,0.19999999999999998,0.14999999999999997,0.09999999999999999,0.14999999999999997,1.2458333333333333,0.0,0.04626914259074542,0.0062499999999999995,0.09348958333333333,0.0,0.23134571295372708,0.041666666666666664,0.9348958333333334,1.0,0.0,0.23134571295372708,0.041666666666666664,0.9348958333333334,1.0,0.14600872592407876,0.14600872592407876,0.18348777559409868,0.18348777559409868,0.18348777559409868,0.0,0.0
171,0.39999999999999997,0.19999999999999998,0.14999999999999997,0.09999999999999999,0.14999999999999997,1.2416666666666665,0.0,0.05007391313890743,0.009375,0.09739583333333333,0.0,0.2503695656945371,0.0625,0.9739583333333334,1.0,0.0,0.2503695656945371,0.0625,0.9739583333333334,1.0,0.15684474647224078,0.15684474647224078,0.19626884287224952,0.19626884287224952,0.19626884287224952,0.0,0.0
172,0.39999999999999997,0.19999999999999998,0.14999999999999997,0.09999999999999999,0.14999999999999997,1.2999999999999998,0.0,0.050789597342136554,0.0142578125,0.09583333333333333,0.0,0.2539479867106828,0.09505208333333333,0.9583333333333334,1.0,0.0,0.2539479867106828,0.09505208333333333,0.9583333333333334,1.0,0.16088074317546988,0.16088074317546988,0.20627020784892827,0.20627020784892827,0.20627020784892827,0.0,0.0
173,0.39999999999999997,0.19999999999999998,0.14999999999999997,0.09999999999999999,0.14999999999999997,1.2104166666666665,0.0,0.0471615515728864,0.01171875,0.09791666666666665,0.0,0.23580775786443198,0.078125,0.9791666666666666,1.0,0.0,0.23580775786443198,0.078125,0.9791666666666666,1.0,0.15679696823955305,0.15679696823955305,0.19007397611001567,0.19007397611001567,0.19007397611001567,0.0,0.0
174,0.39999999999999997,0.19999999999999998,0.14999999999999997,0.09999999999999999,0.14999999999999997,1.2458333333333331,0.0,0.05802648666648472,0.0031249999999999997,0.09804687499999998,0.0,0.29013243333242356,0.020833333333333332,0.98046875,1.0,0.0,0.29013243333242356,0.020833333333333332,0.98046875,1.0,0.1591983616664847,0.1591983616664847,0.19975542916741773,0.19975542916741773,0.19975542916741773,0.0,0.0
175,0.39999999999999997,0.19999999999999998,0.14999999999999997,0.09999999999999999,0.14999999999999997,1.2583333333333333,0.0,0.05600432117799453,0.0126953125,0.09895833333333333,0.0,0.28002160588997266,0.08463541666666667,0.9895833333333334,1.0,0.0,0.28002160588997266,0.08463541666666667,0.9895833333333334,1.0,0.16765796701132787,0.16765796701132787,0.21258642345020118,0.21258642345020118,0.21258642345020118,0.0,0.0
176,0.39999999999999997,0.19999999999999998,0.14999999999999997,0.09999999999999999,0.14999999999999997,1.2541666666666667,0.0,0.042308305926674596,0.0031249999999999997,0.09654947916666667,0.0,0.21154152963337303,0.020833333333333332,0.9654947916666666,1.0,0.0,0.21154152963337303,0.020833333333333332,0.9654947916666666,1.0,0.14198278509334128,0.14198278509334128,0.17824660347180532,0.17824660347180532,0.17824660347180532,0.0,0.0
177,0.39999999999999997,0.19999999999999998,0.14999999999999997,0.09999999999999999,0.14999999999999997,1.3187499999999999,0.0,0.05306526511120058,0.009375,0.09904513888888888,0.0,0.26532632555600294,0.0625,0.9904513888888888,1.0,0.0,0.26532632555600294,0.0625,0.9904513888888888,1.0,0.16148540400008948,0.16148540400008948,0.21276143799432243,0.21276143799432243,0.21276143799432243,0.0,0.0
178,0.39999999999999997,0.19999999999999998,0.14999999999999997,0.09999999999999999,0.14999999999999997,1.227083333333333,0.0,0.05964969536141045,0.0103515625,0.09791666666666665,0.0,0.2982484768070522,0.06901041666666667,0.9791666666666666,1.0,0.0,0.2982484768070522,0.06901041666666667,0.9791666666666666,1.0,0.1679179245280771,0.1679179245280771,0.20545765243761918,0.20545765243761918,0.20545765243761918,0.0,0.0
179,0.39999999999999997,0.19999999999999998,0.14999999999999997,0.09999999999999999,0.14999999999999997,1.2354166666666666,0.0,0.055250248523018373,0.015039062499999999,0.09999999999999999,0.0,0.2762512426150918,0.10026041666666667,1.0,1.0,0.0,0.2762512426150918,0.10026041666666667,1.0,1.0,0.17028931102301836,0.17028931102301836,0.21077368801355267,0.21077368801355267,0.21077368801355267,0.0,0.0
180,0.39999999999999997,0.19999999999999998,0.14999999999999997,0.09999999999999999,0.14999999999999997,1.2999999999999998,0.0,0.04937289123291581,0.0062499999999999995,0.09791666666666665,0.0,0.24686445616457905,0.041666666666666664,0.9791666666666666,1.0,0.0,0.24686445616457905,0.041666666666666664,0.9791666666666666,1.0,0.15353955789958249,0.15353955789958249,0.19732745201352964,0.19732745201352964,0.19732745201352964,0.0,0.0
181,0.39999999999999997,0.19999999999999998,0.14999999999999997,0.09999999999999999,0.14999999999999997,1.23125,0.0,0.0672675211817333,0.0064453125000000005,0.0986111111111111,0.0,0.3363376059086665,0.04296875,0.9861111111111112,1.0,0.0,0.3363376059086665,0.04296875,0.9861111111111112,1.0,0.1723239447928444,0.1723239447928444,0.21231198192402312,0.21231198192402312,0.21231198192402312,0.0,0.0
182,0.39999999999999997,0.19999999999999998,0.14999999999999997,0.09999999999999999,0.14999999999999997,1.239583333333333,0.0,0.05014978033470604,0.009375,0.09999999999999999,0.0,0.2507489016735302,0.0625,1.0,1.0,0.0,0.2507489016735302,0.0625,1.0,1.0,0.15952478033470605,0.15952478033470605,0.19755097955434572,0.19755097955434572,0.19755097955434572,0.0,0.0
183,0.39999999999999997,0.19999999999999998,0.14999999999999997,0.09999999999999999,0.14999999999999997,1.2187499999999998,0.0,0.05233403982044849,0.009375,0.09999999999999999,0.0,0.2616701991022425,0.0625,1.0,1.0,0.0,0.2616701991022425,0.0625,1.0,1.0,0.16170903982044849,0.16170903982044849,0.19901005486971943,0.19901005486971943,0.19901005486971943,0.0,0.0
184,0.39999999999999997,0.19999999999999998,0.14999999999999997,0.09999999999999999,0.14999999999999997,1.2166666666666666,0.0,0.050233758569222464,0.010937499999999998,0.0986111111111111,0.0,0.2511687928461124,0.07291666666666667,0.986111111111111,1.0,0.0,0.2511687928461124,0.07291666666666667,0.986111111111111,1.0,0.15978236968033357,0.15978236968033357,0.1932560789213409,0.1932560789213409,0.1932560789213409,0.0,0.0
185,0.39999999999999997,0.19999999999999998,0.14999999999999997,0.09999999999999999,0.14999999999999997,1.1916666666666667,0.0,0.0426666875894355,0.0062499999999999995,0.09999999999999999,0.0,0.21333343794717752,0.041666666666666664,1.0,1.0,0.0,0.21333343794717752,0.041666666666666664,1.0,1.0,0.14891668758943552,0.14891668758943552,0.1787909385743851,0.1787909385743851,0.1787909385743851,0.0,0.0
186,0.39999999999999997,0.19999999999999998,0.14999999999999997,0.09999999999999999,0.14999999999999997,1.23125,0.0,0.053265289926781846,0.013085937499999999,0.09999999999999999,0.0,0.26632644963390917,0.08723958333333333,1.0,1.0,0.0,0.26632644963390917,0.08723958333333333,1.0,1.0,0.16635122742678185,0.16635122742678185,0.20426318049537076,0.20426318049537076,0.20426318049537076,0.0,0.0
187,0.39999999999999997,0.19999999999999998,0.14999999999999997,0.09999999999999999,0.14999999999999997,1.2749999999999997,0.0,0.045355056599871,0.0173828125,0.09999999999999999,0.0,0.22677528299935498,0.11588541666666667,1.0,1.0,0.0,0.22677528299935498,0.11588541666666667,1.0,1.0,0.162737869099871,0.162737869099871,0.20693344509537223,0.20693344509537223,0.20693344509537223,0.0,0.0
188,0.39999999999999997,0.19999999999999998,0.14999999999999997,0.09999999999999999,0.14999999999999997,1.2479166666666666,0.0,0.054084813105122274,0.0031249999999999997,0.0986111111111111,0.0,0.2704240655256113,0.020833333333333332,0.9861111111111112,1.0,0.0,0.2704240655256113,0.020833333333333332,0.9861111111111112,1.0,0.15582092421623336,0.15582092421623336,0.19614595856898598,0.19614595856898598,0.19614595856898598,0.0,0.0
189,0.39999999999999997,0.19999999999999998,0.14999999999999997,0.09999999999999999,0.14999999999999997,1.3104166666666666,0.0,0.05482691426783096,0.0031249999999999997,0.09596354166666665,0.0,0.2741345713391548,0.020833333333333332,0.9596354166666666,1.0,0.0,0.2741345713391548,0.020833333333333332,0.9596354166666666,1.0,0.15391545593449765,0.15391545593449765,0.2019810771865608,0.2019810771865608,0.2019810771865608,0.0,0.0
190,0.39999999999999997,0.19999999999999998,0.14999999999999997,0.09999999999999999,0.14999999999999997,1.2708333333333333,0.0,0.060800495238896135,0.0083984375,0.09322916666666665,0.0,0.3040024761944806,0.055989583333333336,0.9322916666666666,1.0,0.0,0.3040024761944806,0.055989583333333336,0.9322916666666666,1.0,0.1624280994055628,0.1624280994055628,0.20819419588317567,0.20819419588317567,0.20819419588317567,0.0,0.0
191,0.39999999999999997,0.19999999999999998,0.14999999999999997,0.09999999999999999,0.14999999999999997,1.258333333333333,0.0,0.06021713848139859,0.012499999999999999,0.09999999999999999,0.0,0.30108569240699296,0.08333333333333333,1.0,1.0,0.0,0.30108569240699296,0.08333333333333333,1.0,1.0,0.1727171384813986,0.1727171384813986,0.21572740685918232,0.21572740685918232,0.21572740685918232,0.0,0.0
192,0.39999999999999997,0.19999999999999998,0.14999999999999997,0.09999999999999999,0.14999999999999997,1.2208333333333332,0.0,0.05585980365052488,0.009375,0.09986979166666665,0.0,0.27929901825262443,0.0625,0.9986979166666666,1.0,0.0,0.27929901825262443,0.0625,0.9986979166666666,1.0,0.16510459531719154,0.16510459531719154,0.20128626592433094,0.20128626592433094,0.20128626592433094,0.0,0.0
193,0.39999999999999997,0.19999999999999998,0.14999999999999997,0.09999999999999999,0.14999999999999997,1.2374999999999998,0.0,0.05035772092407348,0.015625,0.0947265625,0.0,0.2517886046203674,0.10416666666666667,0.947265625,1.0,0.0,0.2517886046203674,0.10416666666666667,0.947265625,1.0,0.16070928342407348,0.16070928342407348,0.19909294271698044,0.19909294271698044,0.19909294271698044,0.0,0.0
194,0.39999999999999997,0.19999999999999998,0.14999999999999997,0.09999999999999999,0.14999999999999997,1.2687499999999998,0.0,0.06259390151605336,0.01328125,0.09887152777777779,0.0,0.3129695075802668,0.08854166666666667,0.9887152777777777,1.0,0.0,0.3129695075802668,0.08854166666666667,0.9887152777777777,1.0,0.17474667929383111,0.17474667929383111,0.22415840849237548,0.22415840849237548,0.22415840849237548,0.0,0.0
195,0.39999999999999997,0.19999999999999998,0.14999999999999997,0.09999999999999999,0.14999999999999997,1.2749999999999997,0.0,0.06011015394381619,0.012499999999999999,0.09932725694444444,0.0,0.30055076971908096,0.08333333333333333,0.9932725694444445,1.0,0.0,0.30055076971908096,0.08333333333333333,0.9932725694444445,1.0,0.17193741088826064,0.17193741088826064,0.22012639908648293,0.22012639908648293,0.22012639908648293,0.0,0.0
196,0.39999999999999997,0.19999999999999998,0.14999999999999997,0.09999999999999999,0.14999999999999997,1.2625,0.0,0.05499015166789542,0.008203125,0.092578125,0.0,0.2749507583394771,0.0546875,0.92578125,1.0,0.0,0.2749507583394771,0.0546875,0.92578125,1.0,0.1557714016678954,0.1557714016678954,0.19641052556861316,0.19641052556861316,0.19641052556861316,0.0,0.0
197,0.39999999999999997,0.19999999999999998,0.14999999999999997,0.09999999999999999,0.14999999999999997,1.251063829787234,0.0,0.0626488253672935,0.0031914893617021275,0.09893617021276595,0.0,0.3132441268364675,0.02127659574468085,0.9893617021276596,1.0,0.0,0.3132441268364675,0.02127659574468085,0.9893617021276596,1.0,0.16477648494176161,0.16477648494176161,0.2078318839310132,0.2078318839310132,0.2078318839310132,0.0,0.0
198,0.39999999999999997,0.19999999999999998,0.14999999999999997,0.09999999999999999,0.14999999999999997,1.25,0.0,0.08054778575222217,0.0,0.09999999999999999,0.0,0.40273892876111084,0.0,1.0,1.0,0.0,0.40273892876111084,0.0,1.0,1.0,0.1805477857522222,0.1805477857522222,0.22967012740820475,0.22967012740820475,0.22967012740820475,0.0,0.0
